-- phpMyAdmin SQL Dump
-- version 4.0.10deb1
-- http://www.phpmyadmin.net
--
-- Host: localhost
-- Generation Time: Dec 07, 2015 at 09:28 AM
-- Server version: 5.5.41-0ubuntu0.14.04.1
-- PHP Version: 5.5.9-1ubuntu4.11

SET SQL_MODE = "NO_AUTO_VALUE_ON_ZERO";
SET time_zone = "+00:00";


/*!40101 SET @OLD_CHARACTER_SET_CLIENT=@@CHARACTER_SET_CLIENT */;
/*!40101 SET @OLD_CHARACTER_SET_RESULTS=@@CHARACTER_SET_RESULTS */;
/*!40101 SET @OLD_COLLATION_CONNECTION=@@COLLATION_CONNECTION */;
/*!40101 SET NAMES utf8 */;

--
-- Database: `movies`
--

-- --------------------------------------------------------

--
-- Table structure for table `movies`
--

CREATE TABLE IF NOT EXISTS `movies` (
  `movie_id` int(11) NOT NULL AUTO_INCREMENT,
  `title` text NOT NULL,
  `creator` text NOT NULL,
  `year` int(11) NOT NULL,
  `thumbnail` text NOT NULL,
  `mp4` text,
  `ogv` text,
  PRIMARY KEY (`movie_id`)
) ENGINE=InnoDB  DEFAULT CHARSET=utf8 AUTO_INCREMENT=219 ;

--
-- Dumping data for table `movies`
--

INSERT INTO `movies` (`movie_id`, `title`, `creator`, `year`, `thumbnail`, `mp4`, `ogv`) VALUES
(1, 'A Flawed Family Flick - The Blacksmith', 'Ivan Bridgewater', 2006, 'http://archive.org/download/IMB_The_Blacksmith/IMB_The_Blacksmith.gif', NULL, 'http://archive.org/download/IMB_The_Blacksmith/IMB_The_Blacksmith.ogv'),
(2, 'Great Alaskan Mystery: Chapter 2', 'Henry MacRae', 1944, 'http://archive.org/download/Great_alaskan_mystery_chapter_2/gam2.gif', NULL, 'http://archive.org/download/Great_alaskan_mystery_chapter_2/gam2.ogv'),
(3, 'Great Alaskan Mystery: Chapter 3', 'Henry MacRae', 1944, 'http://archive.org/download/Great_alaskan_mystery_chapter_3/gam3.gif', NULL, 'http://archive.org/download/Great_alaskan_mystery_chapter_3/gam3.ogv'),
(4, 'Popeye: Gopher Spinach', 'Famous Studios', 1954, 'http://archive.org/download/Popeye_Gopher_Spinach_1954/Popeye_Gopher_Spinach.gif', NULL, 'http://archive.org/download/Popeye_Gopher_Spinach_1954/Popeye_Gopher_Spinach.ogv'),
(5, 'BloodSpell: Series to Feature - Making Of documentary', 'Strange Company', 2008, 'http://archive.org/download/BloodSpell_SeriestoFeature/BloodSpell_Series_To_Feature_PAL.gif', NULL, 'http://archive.org/download/BloodSpell_SeriestoFeature/BloodSpell_Series_To_Feature_PAL.ogv'),
(6, 'Small, Medium, Large', 'iLL WiLL PrEss', 2005, 'http://archive.org/download/Small_Medium_Large/S_M_L.gif', NULL, 'http://archive.org/download/Small_Medium_Large/S_M_L.ogv'),
(7, 'The Holes', 'Jerry White Jr.', 1993, 'http://archive.org/download/theholes/theholes.gif', NULL, 'http://archive.org/download/theholes/theholes.ogv'),
(8, 'The Meaty McMeat Show', 'Delaware Based Productions', 1986, 'http://archive.org/download/the_meaty_mcmeat_show/the_meaty_mcmeat_show_english_xvid.gif', NULL, 'http://archive.org/download/the_meaty_mcmeat_show/the_meaty_mcmeat_show_english_subtitles_2_audio_channels_english_and_spanish.ogv'),
(9, '"News of day" from January, 1942', 'Centlal Newsreel Studio, USSR', 1942, 'http://archive.org/download/NewsOfDayFromJanuary1942/Novosti_dnya_Yanvar_1942.gif', NULL, 'http://archive.org/download/NewsOfDayFromJanuary1942/Novosti_dnya_Yanvar_1942.ogv'),
(10, 'The Siren of New Orleans', 'Jerry White Jr.', 2003, 'http://archive.org/download/thesirenofneworleans/thesirenofneworleans.gif', NULL, 'http://archive.org/download/thesirenofneworleans/thesirenofneworleans.ogv'),
(11, 'Fright to the Finish', '', 1954, 'http://archive.org/download/fright_to_the_finish/fright_to_the_finish.gif', NULL, 'http://archive.org/download/fright_to_the_finish/fright_to_the_finish.ogv'),
(12, 'The Green Hornet Strikes Again!: Chaper 1 - Flaming Havoc', 'Henry MacRae', 1941, 'http://archive.org/download/green_hornet_strikes_again_ep1/ep1.gif', NULL, 'http://archive.org/download/green_hornet_strikes_again_ep1/ep1.ogv'),
(13, 'The Green Hornet Strikes Again!: Chaper 3 - The Avenging Heavens', 'Henry MacRae', 1941, 'http://archive.org/download/green_hornet_strikes_again_ep3/ep3.gif', NULL, 'http://archive.org/download/green_hornet_strikes_again_ep3/ep3.ogv'),
(14, 'Short''nin'' Bread', 'Famous Studios', 1948, 'http://archive.org/download/Shortnin_Bread_1948/Shortnin_Bread_1948.gif', NULL, 'http://archive.org/download/Shortnin_Bread_1948/Shortnin_Bread_1948.ogv'),
(15, 'Bulleteers, The', 'Max Fleischer', 1942, 'http://archive.org/download/bulleteers/bulleteers.gif', NULL, 'http://archive.org/download/bulleteers/bulleteers.ogv'),
(16, 'Billion Dollar Limited', '', 1942, 'http://archive.org/download/billion_dollar_limited/billion_dollar_limited.gif', NULL, 'http://archive.org/download/billion_dollar_limited/billion_dollar_limited.ogv'),
(17, 'Kavorkian Scarf', 'iLL WiLL PrEss', 2004, 'http://archive.org/download/Kavorkian_Scarf_iPOD_m4v/KS_ipod.gif', NULL, 'http://archive.org/download/Kavorkian_Scarf_iPOD_m4v/KS_ipod.ogv'),
(18, 'Verdura', 'Raffaella Traniello', 2010, 'http://archive.org/download/Verdura/25-Verdura.gif', 'http://archive.org/download/Verdura/25-Verdura.mp4', 'http://archive.org/download/Verdura/25-Verdura.ogv'),
(19, 'Light (Short Film)', 'Kyle Willey', 2009, 'http://archive.org/download/LightshortFilm/Light.gif', NULL, 'http://archive.org/download/LightshortFilm/Light.ogv'),
(20, '"News of day" (1944, at Autumn)', 'Centlal Newsreel Studio, USSR', 1944, 'http://archive.org/download/NewsOfDay1944AtAutumn/Novosti_dnya_Osen_1944.gif', NULL, 'http://archive.org/download/NewsOfDay1944AtAutumn/Novosti_dnya_Osen_1944.ogv'),
(21, 'The Ermo Show', 'Delaware Based Productions', 2002, 'http://archive.org/download/the_ermo_show/the_ermo_show_1128kb.gif', NULL, 'http://archive.org/download/the_ermo_show/the_ermo_show_1128kb.ogv'),
(22, 'A Flawed Family Flick - The Big Storm', 'Ivan Bridgewater', 2006, 'http://archive.org/download/IMB_The_Big_Storm/IMB_The_Big_Storm.gif', NULL, 'http://archive.org/download/IMB_The_Big_Storm/IMB_The_Big_Storm.ogv'),
(23, 'TEch SUpport (M4V)', 'iLL WiLL PrEss', 2004, 'http://archive.org/download/Tech_support_M4v/Tech_Support.gif', NULL, 'http://archive.org/download/Tech_support_M4v/Tech_Support.ogv'),
(24, 'Short Movie Previews', 'Kyle Willey', 2010, 'http://archive.org/download/ShortMoviePreviews/00-DvdIntro.gif', NULL, 'http://archive.org/download/ShortMoviePreviews/00-DvdIntro.ogv'),
(25, '1 Year (Short Film)', 'Kyle Willey', 2009, 'http://archive.org/download/1YearshortFilm/1Year.gif', NULL, 'http://archive.org/download/1YearshortFilm/1Year.ogv'),
(26, 'Captain America: Chapter 7 - Wholesale Destruction', 'William J. O''Sullivan', 1944, 'http://archive.org/download/captain_america_ep7/ep7.gif', NULL, 'http://archive.org/download/captain_america_ep7/ep7.ogv'),
(27, 'Captain America: Chapter 8 - Cremation in the Clouds', 'William J. O''Sullivan', 1944, 'http://archive.org/download/captain_america_ep8/ep8.gif', NULL, 'http://archive.org/download/captain_america_ep8/ep8.ogv'),
(28, 'Captain America: Chapter 9 - Triple Tragedy', 'William J. O''Sullivan', 1944, 'http://archive.org/download/captain_america_ep9/ep9.gif', NULL, 'http://archive.org/download/captain_america_ep9/ep9.ogv'),
(29, 'Captain America: Chapter 3 - The Scarlet Shroud', 'William J. O''Sullivan', 1944, 'http://archive.org/download/captain_america_ep3/ep3.gif', NULL, 'http://archive.org/download/captain_america_ep3/ep3.ogv'),
(30, 'Captain America: Chapter 4 - Preview of Murder', 'William J. O''Sullivan', 1944, 'http://archive.org/download/captain_america_ep4/ep4.gif', NULL, 'http://archive.org/download/captain_america_ep4/ep4.ogv'),
(31, 'Captain America: Chapter 5 - Blade of Wrath', 'William J. O''Sullivan', 1944, 'http://archive.org/download/captain_america_ep5/ep5.gif', NULL, 'http://archive.org/download/captain_america_ep5/ep5.ogv'),
(32, 'Captain America: Chapter 6 - Vault of Vengeance', 'William J. O''Sullivan', 1944, 'http://archive.org/download/captain_america_ep6/ep6.gif', NULL, 'http://archive.org/download/captain_america_ep6/ep6.ogv'),
(33, 'Captain America: Chapter 1 - The Purple Death', 'William J. O''Sullivan', 1944, 'http://archive.org/download/captain_america_ep1/ep1.gif', NULL, 'http://archive.org/download/captain_america_ep1/ep1.ogv'),
(34, 'Adventures Of the Flying Cadets Chapter  3', '', 1943, 'http://archive.org/download/AdventuresOfTheFlyingCadetsChapter3/AdventuresOfTheFlyingCadetsChapter3_13.gif', 'http://archive.org/download/AdventuresOfTheFlyingCadetsChapter3/AdventuresOfTheFlyingCadetsChapter3_13.mp4', 'http://archive.org/download/AdventuresOfTheFlyingCadetsChapter3/AdventuresOfTheFlyingCadetsChapter3_13.ogv'),
(35, 'Superman: Terror on the Midway', 'Max Fleischer', 1942, 'http://archive.org/download/superman_terror_on_the_midway/Superman-09-Terror_on_the_Midway.gif', NULL, 'http://archive.org/download/superman_terror_on_the_midway/Superman-09-Terror_on_the_Midway.ogv'),
(36, 'Family Health -- Civil Defense Home Preparedness Workshop Filmstrip 4 of 5', 'U.S. Office of Civil and Defense Mobilization', 1960, 'http://archive.org/download/FamilyHealth--CivilDefenseHomePreparednessWorkshopFilmstrip4Of5/civil_defense_family_health_200kb.gif', NULL, 'http://archive.org/download/FamilyHealth--CivilDefenseHomePreparednessWorkshopFilmstrip4Of5/civil_defense_family_health_200kb.ogv'),
(37, 'The Illusion Of Despair', 'Jerry White Jr.', 2002, 'http://archive.org/download/theillusionofdespair/theillusionofdespair_lg.gif', NULL, 'http://archive.org/download/theillusionofdespair/theillusionofdespair.ogv'),
(38, 'Popeye: Cooking With Gags', 'Famous Studios', 1954, 'http://archive.org/download/Popeye_Cooking_With_Gags_1954/Popeye_Cookin_with_Gags.gif', NULL, 'http://archive.org/download/Popeye_Cooking_With_Gags_1954/Popeye_Cookin_with_Gags.ogv'),
(39, 'A is for Atom', 'John Sutherland', 1953, 'http://archive.org/download/a_is_for_atom/isforAto1953.gif', NULL, 'http://archive.org/download/a_is_for_atom/isforAto1953.ogv'),
(40, 'Insect to Injury', '', 1956, 'http://archive.org/download/insect_to_injury/insect_to_injury.gif', NULL, 'http://archive.org/download/insect_to_injury/insect_to_injury.ogv'),
(41, 'The Battle of San Pietro', '', 1945, 'http://archive.org/download/battle_of_san_pietro/battle_of_san_pietro.gif', NULL, 'http://archive.org/download/battle_of_san_pietro/battle_of_san_pietro.ogv'),
(42, '5 More Minutes', 'iLL WiLL PrEss', 2004, 'http://archive.org/download/5_More_Minutes/5_M_M.gif', 'http://archive.org/download/5_More_Minutes/5_M_M.mp4', 'http://archive.org/download/5_More_Minutes/5_M_M.ogv'),
(43, 'BloodSpell: It Begins - Documentary', 'Strange Company', 2008, 'http://archive.org/download/BloodSpell_DVD_Documentary_1/BloodSpell_It_Begins_DviX.gif', NULL, 'http://archive.org/download/BloodSpell_DVD_Documentary_1/BloodSpell_It_Begins_DviX.ogv'),
(44, 'Her Image', 'Jerry White Jr.', 2002, 'http://archive.org/download/herimage/herimage_lg.gif', NULL, 'http://archive.org/download/herimage/herimage.ogv'),
(45, '"News of day" No.79 (1942, November)', 'Centlal Newsreel Studio, USSR', 1942, 'http://archive.org/download/NewsOfDayNo.791942November/Novosti_dnya_No.7911.42.gif', NULL, 'http://archive.org/download/NewsOfDayNo.791942November/Novosti_dnya_No.7911.42.ogv'),
(46, 'Radar Men From the Moon - Chapter 11: Planned Pursuit', '', 1952, 'http://archive.org/download/radarmen11/radarmen_chapter11.gif', NULL, 'http://archive.org/download/radarmen11/radar11.ogv'),
(47, 'Radar Men From the Moon - Chapter 12: Death of the Moon Man', '', 1952, 'http://archive.org/download/radarmen12/radarmen_chapter12.gif', NULL, 'http://archive.org/download/radarmen12/radar12.ogv'),
(48, 'A Flawed Family Flick - The Balloonatic', 'Ivan Bridgewater', 2006, 'http://archive.org/download/IMB_Balloonatic_Buster/IMB_Balloonatic_Buster.gif', NULL, 'http://archive.org/download/IMB_Balloonatic_Buster/IMB_Balloonatic_Buster.ogv'),
(49, 'Marriage Wows', 'Famous Studios', 1949, 'http://archive.org/download/Marriage_Wows_1949/Marriage_Wows_1949.gif', NULL, 'http://archive.org/download/Marriage_Wows_1949/Marriage_Wows_1949.ogv'),
(50, 'It Was An Accident (Short Film)', 'Kyle Willey', 2010, 'http://archive.org/download/ItWasAnAccidentshortFilm/ItWasAnAccident.gif', NULL, 'http://archive.org/download/ItWasAnAccidentshortFilm/ItWasAnAccident.ogv'),
(51, 'Compotsitinhg', '', 1986, 'http://archive.org/download/compotsitinhg/compotsitinhg_1128kb.gif', NULL, 'http://archive.org/download/compotsitinhg/compotsitinhg_1128kb.ogv'),
(52, 'The Jiggly Butt', 'iLL WiLL PrEss', 2004, 'http://archive.org/download/Jiggly_butt/JIGG_IPOD.gif', 'http://archive.org/download/Jiggly_butt/JIGG_IPOD.mp4', 'http://archive.org/download/Jiggly_butt/JIGG_IPOD.ogv'),
(53, 'The Night Organ (Short Film)', 'Kyle Willey', 2010, 'http://archive.org/download/TheNightOrganshortFilm/TheNightOrgan.gif', NULL, 'http://archive.org/download/TheNightOrganshortFilm/TheNightOrgan.ogv'),
(54, 'Italian Pasta animation - Цех Макаронной анимации', 'Raffaella Traniello', 2011, 'http://archive.org/download/PastaAnimation/Pasta.gif', 'http://archive.org/download/PastaAnimation/Pasta.mp4', 'http://archive.org/download/PastaAnimation/Pasta.ogv'),
(55, 'Remains (FRACTURE Deleted Scenes)', 'Kyle Willey', 2008, 'http://archive.org/download/RemainsfractureDeletedScenes/Remains.gif', NULL, 'http://archive.org/download/RemainsfractureDeletedScenes/Remains.ogv'),
(56, 'Killer Frog', 'Raffaella Traniello', 2010, 'http://archive.org/download/KillerFrog/KillerFrog.gif', NULL, 'http://archive.org/download/KillerFrog/KillerFrog.ogv'),
(57, 'Exposure (Short Film)', 'Kyle Willey', 2009, 'http://archive.org/download/ExposureshortFilm/Exposure.gif', NULL, 'http://archive.org/download/ExposureshortFilm/Exposure.ogv'),
(58, 'Captain America, Chapter 10', 'William J. O''Sullivan', 1944, 'http://archive.org/download/Comicweb-CaptainAmericaChapter10/Comicweb-CaptainAmericaChapter10TheAvengingCorpse.gif', NULL, 'http://archive.org/download/Comicweb-CaptainAmericaChapter10/Comicweb-CaptainAmericaChapter10TheAvengingCorpse.ogv'),
(59, 'Fifì fa pipì', 'Raffaella Traniello', 2010, 'http://archive.org/download/FifiFaPipi/Fifi.gif', NULL, 'http://archive.org/download/FifiFaPipi/Fifi.ogv'),
(60, 'Secret Agent x-9: Chapter 4 - Floodlight Murder', 'Morgan Cox', 1945, 'http://archive.org/download/secret_agent_x_9_ep4/ep4.gif', NULL, 'http://archive.org/download/secret_agent_x_9_ep4/ep4.ogv'),
(61, 'Secret Agent x-9: Chapter 3 - Death Curve', 'Morgan Cox', 1945, 'http://archive.org/download/secret_agent_x_9_ep3/ep3.gif', NULL, 'http://archive.org/download/secret_agent_x_9_ep3/ep3.ogv'),
(62, 'Eleventh Hour', '', 1942, 'http://archive.org/download/eleventh_hour/eleventh_hour.gif', NULL, 'http://archive.org/download/eleventh_hour/eleventh_hour.ogv'),
(63, 'Secret Agent x-9: Chapter 2 - Ringed by Fire', 'Morgan Cox', 1945, 'http://archive.org/download/secret_agent_x_9_ep2/ep2.gif', NULL, 'http://archive.org/download/secret_agent_x_9_ep2/ep2.ogv'),
(64, 'Secret Agent x-9: Chapter 1 - Torpedo Rendezvous', 'Morgan Cox', 1945, 'http://archive.org/download/secret_agent_x_9_ep1/ep1.gif', NULL, 'http://archive.org/download/secret_agent_x_9_ep1/ep1.ogv'),
(65, 'Secret Agent x-9: Chapter 8 - The Dropping Floor', 'Morgan Cox', 1945, 'http://archive.org/download/secret_agent_x_9_ep8/ep8.gif', NULL, 'http://archive.org/download/secret_agent_x_9_ep8/ep8.ogv'),
(66, 'Secret Agent x-9: Chapter 7 - High Pressure Deadline', 'Morgan Cox', 1945, 'http://archive.org/download/secret_agent_x_9_ep7/ep7.gif', NULL, 'http://archive.org/download/secret_agent_x_9_ep7/ep7.ogv'),
(67, 'Secret Agent x-9: Chapter 6 - Strafed by a Zero', 'Morgan Cox', 1945, 'http://archive.org/download/secret_agent_x_9_ep6/ep6.gif', NULL, 'http://archive.org/download/secret_agent_x_9_ep6/ep6.ogv'),
(68, 'Secret Agent x-9: Chapter 5 - Doom Downgrade', 'Morgan Cox', 1945, 'http://archive.org/download/secret_agent_x_9_ep5/ep5.gif', NULL, 'http://archive.org/download/secret_agent_x_9_ep5/ep5.ogv'),
(69, 'Showdown', '', 1942, 'http://archive.org/download/showdown/showdown.gif', NULL, 'http://archive.org/download/showdown/showdown.ogv'),
(70, 'Secret Agent x-9: Chapter 9 - The Danger Point', 'Morgan Cox', 1945, 'http://archive.org/download/secret_agent_x_9_ep9/ep9.gif', NULL, 'http://archive.org/download/secret_agent_x_9_ep9/ep9.ogv'),
(71, 'Popeye: Assault and Flattery', 'Famous Studios', 1956, 'http://archive.org/download/Popeye_Assault_and_Flattery_1956/Popeye_Assault_and_Flattery.gif', NULL, 'http://archive.org/download/Popeye_Assault_and_Flattery_1956/Popeye_Assault_and_Flattery.ogv'),
(72, 'It''s Everbody''s Business', 'John Sutherland', 1954, 'http://archive.org/download/its_everybodys_business/ItsEvery1954.gif', NULL, 'http://archive.org/download/its_everybodys_business/ItsEvery1954.ogv'),
(73, 'Family Fallout Shelters -- Civil Defense Home Preparedness Workshop Filmstrip 2 of 5', 'U.S. Office of Civil and Defense Mobilization', 1960, 'http://archive.org/download/FamilyFalloutShelters--CivilDefenseHomePreparednessWorkshopFilmstrip2/civil_defense_family_fallout_shelters_200kb.gif', NULL, 'http://archive.org/download/FamilyFalloutShelters--CivilDefenseHomePreparednessWorkshopFilmstrip2/civil_defense_family_fallout_shelters_200kb.ogv'),
(74, 'Family Fire Safety -- Civil Defense Home Preparedness Workshop Filmstrip 3 of 5', 'U.S. Office of Civil and Defense Mobilization', 1960, 'http://archive.org/download/FamilyFireSafety--CivilDefenseHomePreparednessWorkshopFilmstrip3Of5/civil_defense_family_fire_safety_200kb.gif', NULL, 'http://archive.org/download/FamilyFireSafety--CivilDefenseHomePreparednessWorkshopFilmstrip3Of5/civil_defense_family_fire_safety_200kb.ogv'),
(75, 'Family Action -- Civil Defense Home Preparedness Workshop Filmstrip 5 of 5', 'U.S. Office of Civil and Defense Mobilization', 1960, 'http://archive.org/download/FamilyAction--CivilDefenseHomePreparednessWorkshopFilmstrip5Of5/civil_defense_family_action_200kb.gif', NULL, 'http://archive.org/download/FamilyAction--CivilDefenseHomePreparednessWorkshopFilmstrip5Of5/civil_defense_family_action_200kb.ogv'),
(76, 'Arctic Giant, The', 'Max Fleischer', 1942, 'http://archive.org/download/arctic_giant/arctic_giant.gif', NULL, 'http://archive.org/download/arctic_giant/arctic_giant.ogv'),
(77, 'Captain America: Chapter 11 - The Dead Man Returns', 'William J. O''Sullivan', 1944, 'http://archive.org/download/captain_america_ep11/ep11.gif', NULL, 'http://archive.org/download/captain_america_ep11/ep11.ogv'),
(78, 'Captain America: Chapter 10 - The Avenging Corpse', 'William J. O''Sullivan', 1944, 'http://archive.org/download/captain_america_ep10/ep10.gif', NULL, 'http://archive.org/download/captain_america_ep10/ep10.ogv'),
(79, 'Baby Huey: Quack-A-Doodle-Doo', 'Famous Studios', 1950, 'http://archive.org/download/Baby_Huey_Quack-A-Doodle-Doo_1950/Baby_Huey_Quack_a_Doodle_Doo.gif', NULL, 'http://archive.org/download/Baby_Huey_Quack-A-Doodle-Doo_1950/Baby_Huey_Quack_a_Doodle_Doo.ogv'),
(80, 'Captain America: Chapter 15 - The Toll of Doom', 'William J. O''Sullivan', 1944, 'http://archive.org/download/captain_america_ep15/ep15.gif', NULL, 'http://archive.org/download/captain_america_ep15/ep15.ogv'),
(81, 'Captain America: Chapter 14 - The Scarab Strikes', 'William J. O''Sullivan', 1944, 'http://archive.org/download/captain_america_ep14/ep14.gif', NULL, 'http://archive.org/download/captain_america_ep14/ep14.ogv'),
(82, 'Captain America: Chapter 13 - Skyscraper Plunge', 'William J. O''Sullivan', 1944, 'http://archive.org/download/captain_america_ep13/ep13.gif', NULL, 'http://archive.org/download/captain_america_ep13/ep13.ogv'),
(83, 'Captain America: Chapter 12 - Horror on the Highway', 'William J. O''Sullivan', 1944, 'http://archive.org/download/captain_america_ep12/ep12.gif', NULL, 'http://archive.org/download/captain_america_ep12/ep12.ogv'),
(84, 'Jungle Drums', '', 1943, 'http://archive.org/download/jungle_drums/jungle_drums.gif', NULL, 'http://archive.org/download/jungle_drums/jungle_drums.ogv'),
(85, 'Destruction Inc.', '', 1942, 'http://archive.org/download/destruction_inc/destruction_inc.gif', NULL, 'http://archive.org/download/destruction_inc/destruction_inc.ogv'),
(86, 'Popeye: Parlez Vous Woo', 'Famous Studios', 1956, 'http://archive.org/download/Popeye_Parlez_Vous_Woo_1956/Popeye_Parlez_Vous_Woo_1956.gif', NULL, 'http://archive.org/download/Popeye_Parlez_Vous_Woo_1956/Popeye_Parlez_Vous_Woo_1956.ogv'),
(87, 'Popeye: Gopher Spinach', 'Famous Studios', 1954, 'http://archive.org/download/Popeye_Gopher_Spinach_1954_871/Popeye_Gopher_Spinach.gif', NULL, 'http://archive.org/download/Popeye_Gopher_Spinach_1954_871/Popeye_Gopher_Spinach.ogv'),
(88, 'Hurt (Short Film)', 'Kyle Willey', 2008, 'http://archive.org/download/HurtshortFilm/Hurt.gif', NULL, 'http://archive.org/download/HurtshortFilm/Hurt.ogv'),
(89, 'Window 13', 'Jerry White Jr.', 1995, 'http://archive.org/download/window13/window13.gif', NULL, 'http://archive.org/download/window13/window13.ogv'),
(90, 'Don''t Smoke Pot!', 'Jerry White Jr.', 1995, 'http://archive.org/download/dontsmokepot/dontsmokepot.gif', NULL, 'http://archive.org/download/dontsmokepot/dontsmokepot.ogv'),
(91, 'Monks With Chrome Hatchets', 'Jerry White Jr.', 1994, 'http://archive.org/download/monkswithchromehatchets/monkswithchromehatchets.gif', NULL, 'http://archive.org/download/monkswithchromehatchets/monkswithchromehatchets.ogv'),
(92, 'US Army Drive to Arrive PSA', '', 2004, 'http://archive.org/download/drivearrive_psa/CledusTJudd300.gif', NULL, 'http://archive.org/download/drivearrive_psa/nascar_motorcycle_safety.ogv'),
(93, 'Billion Dollar Limited', 'Max Fleischer', 1942, 'http://archive.org/download/billion_dollar_limited_ipod/billion_dollar_limited.gif', NULL, 'http://archive.org/download/billion_dollar_limited_ipod/billion_dollar_limited.ogv'),
(94, 'All Guitars Go To Hell', 'Kyle Willey', 2010, 'http://archive.org/download/AllGuitarsGoToHell/AllGuitarsGoToHell.gif', NULL, 'http://archive.org/download/AllGuitarsGoToHell/AllGuitarsGoToHell.ogv'),
(95, 'Tech Support III', 'iLL WiLL PrEss', 2006, 'http://archive.org/download/tech_support_Three/TECH3_IPOD.gif', 'http://archive.org/download/tech_support_Three/TECH3_IPOD.mp4', 'http://archive.org/download/tech_support_Three/TECH3_IPOD.ogv'),
(96, '"News of day" No.13 (1945, at May)', 'Centlal Newsreel Studio, USSR', 1945, 'http://archive.org/download/NewsOfDayNo.131945AtMay/Novosti_dnya_No.13May_1945.gif', NULL, 'http://archive.org/download/NewsOfDayNo.131945AtMay/Novosti_dnya_No.13May_1945.ogv'),
(97, 'Why Family Action? -- Civil Defense Home Preparedness Workshop Filmstrip 1 of 5', 'U.S. Office of Civil and Defense Mobilization', 1960, 'http://archive.org/download/WhyFamilyAction1960--CivilDefenseHomePreparednessWorkshopFilmstrip/civil_defense_why_family_action_200kb.gif', NULL, 'http://archive.org/download/WhyFamilyAction1960--CivilDefenseHomePreparednessWorkshopFilmstrip/civil_defense_why_family_action_200kb.ogv'),
(98, 'The Halloween Short Subject - The Darkness', 'Ivan Bridgewater', 2006, 'http://archive.org/download/IMB_THE_DARKNESS/IMB_THE_DARKNESS.gif', NULL, 'http://archive.org/download/IMB_THE_DARKNESS/IMB_THE_DARKNESS.ogv'),
(99, 'Squirrel SOngs II', 'iLL WiLL PrEss', 2006, 'http://archive.org/download/SquirrelSongsII_IPOD/SSII_IPOD.gif', NULL, 'http://archive.org/download/SquirrelSongsII_IPOD/SSII_IPOD.ogv'),
(100, 'Freedom #2', 'Raffaella Traniello', 2010, 'http://archive.org/download/Freedom2_949/Freedom2.gif', NULL, 'http://archive.org/download/Freedom2_949/Freedom2.ogv'),
(101, 'BloodSpell: Preproduction - Documentary', 'Strange Company', 2008, 'http://archive.org/download/BloodSpell_Preproduction/BloodSpell_Preproduction_DivX.gif', NULL, 'http://archive.org/download/BloodSpell_Preproduction/BloodSpell_Preproduction_DivX.ogv'),
(102, 'Great Alaskan Mystery: Chapter 11', 'Henry MacRae', 1944, 'http://archive.org/download/great_alaskan_mystery_chapter_11/gam11.gif', NULL, 'http://archive.org/download/great_alaskan_mystery_chapter_11/gam11.ogv'),
(103, 'Lovell Parade', 'Jerry White Jr.', 2004, 'http://archive.org/download/lovellparade/lovellparade.gif', NULL, 'http://archive.org/download/lovellparade/lovellparade.ogv'),
(104, 'Great Alaskan Mystery: Chapter 12', 'Henry MacRae', 1944, 'http://archive.org/download/great_alaskan_mystery_chapter_12/gam12.gif', NULL, 'http://archive.org/download/great_alaskan_mystery_chapter_12/gam12.ogv'),
(105, 'Working Dollars', 'John Sutherland', 1957, 'http://archive.org/download/working_dollars/WorkingD1957.gif', NULL, 'http://archive.org/download/working_dollars/WorkingD1957.ogv'),
(106, 'Great Alaskan Mystery: Chapter 10', 'Henry MacRae', 1944, 'http://archive.org/download/great_alaskan_mystery_chapter_10/gam10.gif', NULL, 'http://archive.org/download/great_alaskan_mystery_chapter_10/gam10.ogv'),
(107, 'Ermo''z Werld', 'Delaware Based Productions', 2001, 'http://archive.org/download/ermoz_werld/ermoz_werld_1128kb.gif', NULL, 'http://archive.org/download/ermoz_werld/ermoz_werld_1128kb.ogv'),
(108, 'Arctic Giant', 'Max Fleischer', 1942, 'http://archive.org/download/arctic_giant_ipod/arctic_giant.gif', NULL, 'http://archive.org/download/arctic_giant_ipod/arctic_giant.ogv'),
(109, 'US Army aviation safety', '', 2004, 'http://archive.org/download/arm_avi_safety/AH-64_Apache.gif', NULL, 'http://archive.org/download/arm_avi_safety/crashrescue_UH1Huey.ogv'),
(110, 'Lenny and the Kitchen People', 'Jerry White Jr.', 1993, 'http://archive.org/download/lennyandthekitchenpeople/lennyandthekitchenpeople.gif', NULL, 'http://archive.org/download/lennyandthekitchenpeople/lennyandthekitchenpeople.ogv'),
(111, 'Japoteurs', '', 1942, 'http://archive.org/download/japoteurs/japoteurs.gif', NULL, 'http://archive.org/download/japoteurs/japoteurs.ogv'),
(112, 'BloodSpell - Animation - Making of documentary', 'Strange Company', 2008, 'http://archive.org/download/BloodSpell_Animation/CustomationNTSC_DivX_Home_Theater_PAL.gif', NULL, 'http://archive.org/download/BloodSpell_Animation/CustomationNTSC_DivX_Home_Theater_PAL.ogv'),
(113, 'Great Alaskan Mystery: Chapter 7', 'Henry MacRae', 1944, 'http://archive.org/download/great_alaskan_mystery_chapter_7/gam7.gif', NULL, 'http://archive.org/download/great_alaskan_mystery_chapter_7/gam7.ogv'),
(114, 'Great Alaskan Mystery: Chapter 6', 'Henry MacRae', 1944, 'http://archive.org/download/great_alaskan_mystery_chapter_6/gam6.gif', NULL, 'http://archive.org/download/great_alaskan_mystery_chapter_6/gam6.ogv'),
(115, 'Great Alaskan Mystery: Chapter 5', 'Henry MacRae', 1944, 'http://archive.org/download/great_alaskan_mystery_chapter_5/gam5.gif', NULL, 'http://archive.org/download/great_alaskan_mystery_chapter_5/gam5.ogv'),
(116, 'Great Alaskan Mystery: Chapter 4', 'Henry MacRae', 1944, 'http://archive.org/download/great_alaskan_mystery_chapter_4/gam4.gif', NULL, 'http://archive.org/download/great_alaskan_mystery_chapter_4/gam4.ogv'),
(117, 'Secret Agent', '', 1943, 'http://archive.org/download/secret_agent/secret_agent.gif', NULL, 'http://archive.org/download/secret_agent/secret_agent.ogv'),
(118, 'Secret Agent x-9: Chapter 13 - Zero Minute', 'Morgan Cox', 1945, 'http://archive.org/download/secret_agent_x_9_ep13/ep13.gif', NULL, 'http://archive.org/download/secret_agent_x_9_ep13/ep13.ogv'),
(119, 'Secret Agent x-9: Chapter 12 - Big Gun Fusillade', 'Morgan Cox', 1945, 'http://archive.org/download/secret_agent_x_9_ep12/ep12.gif', NULL, 'http://archive.org/download/secret_agent_x_9_ep12/ep12.ogv'),
(120, 'Great Alaskan Mystery: Chapter 1', 'Henry MacRae', 1944, 'http://archive.org/download/great_alaskan_mystery_chapter_1/gam1.gif', NULL, 'http://archive.org/download/great_alaskan_mystery_chapter_1/gam1.ogv'),
(121, 'Brookhaven National Laboratory tour', '', 2004, 'http://archive.org/download/bnl_overview/bnl_overview.gif', 'http://archive.org/download/bnl_overview/bnl_overview.mp4', 'http://archive.org/download/bnl_overview/bnl_overview.ogv'),
(122, 'Secret Agent x-9: Chapter 10 - Japanese Burial', 'Morgan Cox', 1945, 'http://archive.org/download/secret_agent_x_9_ep10/ep10.gif', NULL, 'http://archive.org/download/secret_agent_x_9_ep10/ep10.ogv'),
(123, 'Kosher Crackers', 'iLL WiLL PrEss', 2005, 'http://archive.org/download/Kosher_Crackers/KOSHER_IPOD.gif', NULL, 'http://archive.org/download/Kosher_Crackers/KOSHER_IPOD.ogv'),
(124, 'Adventures of Smilin'' Jack - Chapter 4', 'Ford Beebe', 1943, 'http://archive.org/download/Adventures_of_Smilin_Jack_-_Chapter_4/sj4.gif', NULL, 'http://archive.org/download/Adventures_of_Smilin_Jack_-_Chapter_4/sj4.ogv'),
(125, 'Adventures of Smilin'' Jack - Chapter 5', 'Ford Beebe', 1943, 'http://archive.org/download/Adventures_of_Smilin_Jack_-_Chapter_5/sj5.gif', NULL, 'http://archive.org/download/Adventures_of_Smilin_Jack_-_Chapter_5/sj5.ogv'),
(126, 'Adventures of Smilin'' Jack - Chapter 6', 'Ford Beebe', 1943, 'http://archive.org/download/Adventures_of_Smilin_Jack_-_Chapter_6/sj6.gif', NULL, 'http://archive.org/download/Adventures_of_Smilin_Jack_-_Chapter_6/sj6.ogv'),
(127, 'Adventures of Smilin'' Jack - Chapter 7', 'Ford Beebe', 1943, 'http://archive.org/download/Adventures_of_Smilin_Jack_-_Chapter_7/sj7.gif', NULL, 'http://archive.org/download/Adventures_of_Smilin_Jack_-_Chapter_7/sj7.ogv'),
(128, 'Adventures of Smilin'' Jack - Chapter 8', 'Ford Beebe', 1943, 'http://archive.org/download/Adventures_of_Smilin_Jack_-_Chapter_8/sj8.gif', NULL, 'http://archive.org/download/Adventures_of_Smilin_Jack_-_Chapter_8/sj8.ogv'),
(129, 'Adventures of Smilin'' Jack - Chapter 9', 'Ford Beebe', 1943, 'http://archive.org/download/Adventures_of_Smilin_Jack_-_Chapter_9/sj9.gif', NULL, 'http://archive.org/download/Adventures_of_Smilin_Jack_-_Chapter_9/sj9.ogv'),
(130, 'Great Alaskan Mystery: Chapter 9', 'Henry MacRae', 1944, 'http://archive.org/download/great_alaskan_mystery_chapter_9/gam9.gif', NULL, 'http://archive.org/download/great_alaskan_mystery_chapter_9/gam9.ogv'),
(131, 'Great Alaskan Mystery: Chapter 8', 'Henry MacRae', 1944, 'http://archive.org/download/great_alaskan_mystery_chapter_8/gam8.gif', NULL, 'http://archive.org/download/great_alaskan_mystery_chapter_8/gam8.ogv'),
(132, 'Don Winslow of the Navy: Chapter 9 - Wings of Destruction', 'Henry MacRae', 1942, 'http://archive.org/download/don_winslow_of_the_navy_ep9/ep9.gif', NULL, 'http://archive.org/download/don_winslow_of_the_navy_ep9/ep9.ogv'),
(133, 'Don Winslow of the Navy: Chapter 8 - The Chamber of Doom', 'Henry MacRae', 1942, 'http://archive.org/download/don_winslow_of_the_navy_ep8/ep8.gif', NULL, 'http://archive.org/download/don_winslow_of_the_navy_ep8/ep8.ogv'),
(134, 'Don Winslow of the Navy: Chapter 7 - Bombed by the Enemy', 'Henry MacRae', 1942, 'http://archive.org/download/don_winslow_of_the_navy_ep7/ep7.gif', NULL, 'http://archive.org/download/don_winslow_of_the_navy_ep7/ep7.ogv'),
(135, 'Don Winslow of the Navy: Chapter 6 - Menaced by Man-Eaters', 'Henry MacRae', 1942, 'http://archive.org/download/don_winslow_of_the_navy_ep6/ep6.gif', NULL, 'http://archive.org/download/don_winslow_of_the_navy_ep6/ep6.ogv'),
(136, 'Don Winslow of the Navy: Chapter 5 - Trapped in the Dungeon', 'Henry MacRae', 1942, 'http://archive.org/download/don_winslow_of_the_navy_ep5/ep5.gif', NULL, 'http://archive.org/download/don_winslow_of_the_navy_ep5/ep5.ogv'),
(137, 'Don Winslow of the Navy: Chapter 4 - Towering Doom', 'Henry MacRae', 1942, 'http://archive.org/download/don_winslow_of_the_navy_ep4/ep4.gif', NULL, 'http://archive.org/download/don_winslow_of_the_navy_ep4/ep4.ogv'),
(138, 'Don Winslow of the Navy: Chapter 3 - Weapons of Horror', 'Henry MacRae', 1942, 'http://archive.org/download/don_winslow_of_the_navy_ep3/ep3.gif', NULL, 'http://archive.org/download/don_winslow_of_the_navy_ep3/ep3.ogv'),
(139, 'Don Winslow of the Navy: Chapter 2 - Flaming Death', 'Henry MacRae', 1942, 'http://archive.org/download/don_winslow_of_the_navy_ep2/ep2.gif', NULL, 'http://archive.org/download/don_winslow_of_the_navy_ep2/ep2.ogv'),
(140, 'Don Winslow of the Navy: Chapter 1 - The Human Torpedo', 'Henry MacRae', 1942, 'http://archive.org/download/don_winslow_of_the_navy_ep1/ep1.gif', NULL, 'http://archive.org/download/don_winslow_of_the_navy_ep1/ep1.ogv'),
(141, 'Little Lulu: Cad and Caddy', 'Famous Studios', 1947, 'http://archive.org/download/Little_Lulu_Cad_And_Caddy_1947/Little_Lulu_Cad_and_Caddy.gif', NULL, 'http://archive.org/download/Little_Lulu_Cad_And_Caddy_1947/Little_Lulu_Cad_and_Caddy.ogv'),
(142, 'Arise Therefore', 'Jerry White Jr.', 2003, 'http://archive.org/download/arisetherefore/arisetherefore.gif', NULL, 'http://archive.org/download/arisetherefore/arisetherefore.ogv'),
(143, '"News of day" No.29 (June, 1944)', 'Centlal Newsreel Studio, USSR', 1944, 'http://archive.org/download/NewsOfDayNo.29june1944/Novosti_dnya_No.29Iyun_1944.gif', NULL, 'http://archive.org/download/NewsOfDayNo.29june1944/Novosti_dnya_No.29Iyun_1944.ogv'),
(144, 'Adventures of Smilin'' Jack - Chapter 1', 'Ford Beebe', 1943, 'http://archive.org/download/Adventures_of_Smilin_Jack_-_Chapter_1/sj1.gif', NULL, 'http://archive.org/download/Adventures_of_Smilin_Jack_-_Chapter_1/sj1.ogv'),
(145, 'Adventures of Smilin'' Jack - Chapter 2', 'Ford Beebe', 1943, 'http://archive.org/download/Adventures_of_Smilin_Jack_-_Chapter_2/sj2.gif', NULL, 'http://archive.org/download/Adventures_of_Smilin_Jack_-_Chapter_2/sj2.ogv'),
(146, 'Captain America, Chapter 1', 'William J. O''Sullivan', 1944, 'http://archive.org/download/Comicweb-CaptainAmericaChapter1/Comicweb-CaptainAmericaChapter1ThePupleDeath.gif', NULL, 'http://archive.org/download/Comicweb-CaptainAmericaChapter1/Comicweb-CaptainAmericaChapter1ThePupleDeath.ogv'),
(147, 'Tickets Please', 'Jerry White Jr.', 2003, 'http://archive.org/download/ticketsplease/ticketsplease.gif', NULL, 'http://archive.org/download/ticketsplease/ticketsplease.ogv'),
(148, 'Malvin and the Chipdudes!', 'Delaware Based Productions', 2002, 'http://archive.org/download/malvin_and_the_chipdudes/malvin_and_the_chipdudes_1128kb.gif', NULL, 'http://archive.org/download/malvin_and_the_chipdudes/malvin_and_the_chipdudes_1128kb.ogv'),
(149, 'Radar Men From the Moon - Chapter 8: The Enemy Planet', '', 1952, 'http://archive.org/download/radarmen8/radar8.gif', NULL, 'http://archive.org/download/radarmen8/radar8.ogv'),
(150, 'Radar Men From the Moon - Chapter 9: Battle in the Stratosphere', '', 1952, 'http://archive.org/download/radarmen9/radar9.gif', NULL, 'http://archive.org/download/radarmen9/radarmen_chapter9.ogv'),
(151, 'Radar Men From the Moon - Chapter 2: Molten Terror', '', 1952, 'http://archive.org/download/radarmen2/radar2.gif', NULL, 'http://archive.org/download/radarmen2/radarmen_chapter2.ogv'),
(152, 'Radar Men From the Moon - Chapter 3: Bridge of Death', '', 1952, 'http://archive.org/download/radarmen3/radar3.gif', NULL, 'http://archive.org/download/radarmen3/radarmen_chapter3.ogv'),
(153, 'Radar Men From the Moon - Chapter 1: Moon Rocket', '', 1952, 'http://archive.org/download/radarmen1/radar1.gif', NULL, 'http://archive.org/download/radarmen1/radarmen_chapter1.ogv'),
(154, 'Radar Men From the Moon - Chapter 6: Hills of Death', '', 1952, 'http://archive.org/download/radarmen6/radar6.gif', NULL, 'http://archive.org/download/radarmen6/radarmen_chapter6.ogv'),
(155, 'Radar Men From the Moon - Chapter 7: Camouflaged Destruction', '', 1952, 'http://archive.org/download/radarmen7/radar7.gif', NULL, 'http://archive.org/download/radarmen7/radar7.ogv'),
(156, 'Radar Men From the Moon - Chapter 4: Flight to Destruction', '', 1952, 'http://archive.org/download/radarmen4/radar4.gif', NULL, 'http://archive.org/download/radarmen4/radar4.ogv'),
(157, 'Radar Men From the Moon - Chapter 5: Murder Car', '', 1952, 'http://archive.org/download/radarmen5/radar5.gif', NULL, 'http://archive.org/download/radarmen5/radar5.ogv'),
(158, 'BloodSpell: What Next - Making Of documentary', 'Strange Company', 2008, 'http://archive.org/download/BloodSpell_What_Next/BloodSpell_What_Next_DivX.gif', NULL, 'http://archive.org/download/BloodSpell_What_Next/BloodSpell_What_Next_DivX.ogv'),
(159, 'A Southern Tragedy', 'Jerry White Jr.', 1994, 'http://archive.org/download/southerntragedy/southerntragedy.gif', NULL, 'http://archive.org/download/southerntragedy/southerntragedy.ogv'),
(160, 'Foamy''s Rant', 'iLL WiLL PrEss', 2004, 'http://archive.org/download/FOAMYS_RANT/RANT_IpOD.gif', NULL, 'http://archive.org/download/FOAMYS_RANT/RANT_IpOD.ogv'),
(161, 'Battery Low', 'iLL WiLL PrEss', 2006, 'http://archive.org/download/Battery_Low/BATT_IPOD.gif', 'http://archive.org/download/Battery_Low/BATT_IPOD.mp4', 'http://archive.org/download/Battery_Low/BATT_IPOD.ogv'),
(162, 'How Much?', 'Jerry White Jr.', 1996, 'http://archive.org/download/howmuch/howmuch.gif', NULL, 'http://archive.org/download/howmuch/howmuch.ogv'),
(163, 'Zorro''s Black Whip: Chapter 3 - Mob Murder', 'Ronald Davidson', 1944, 'http://archive.org/download/zorros_black_whip_chapter3/ep3.gif', NULL, 'http://archive.org/download/zorros_black_whip_chapter3/ep3.ogv'),
(164, 'Zorro''s Black Whip: Chapter 2 - Tomb of Terror', 'Ronald Davidson', 1944, 'http://archive.org/download/zorros_black_whip_chapter2/ep2.gif', NULL, 'http://archive.org/download/zorros_black_whip_chapter2/ep2.ogv'),
(165, 'Zorro''s Black Whip: Chapter 1 - The Masked Avenger', 'Ronald Davidson', 1944, 'http://archive.org/download/zorros_black_whip_chapter1/ep1.gif', NULL, 'http://archive.org/download/zorros_black_whip_chapter1/ep1.ogv'),
(166, 'Zorro''s Black Whip: Chapter 7 - Wolf Pack', 'Ronald Davidson', 1944, 'http://archive.org/download/zorros_black_whip_chapter7/ep7.gif', NULL, 'http://archive.org/download/zorros_black_whip_chapter7/ep7.ogv'),
(167, 'Zorro''s Black Whip: Chapter 6 - Fatal Gold', 'Ronald Davidson', 1944, 'http://archive.org/download/zorros_black_whip_chapter6/ep6.gif', NULL, 'http://archive.org/download/zorros_black_whip_chapter6/ep6.ogv'),
(168, 'Zorro''s Black Whip: Chapter 5 - Take Off That Mask!', 'Ronald Davidson', 1944, 'http://archive.org/download/zorros_black_whip_chapter5/ep5.gif', NULL, 'http://archive.org/download/zorros_black_whip_chapter5/ep5.ogv'),
(169, '"News of day" (1943, at Spring)', 'Centlal Newsreel Studio, USSR', 1943, 'http://archive.org/download/NewsOfDay1943AtSpring/Novosti_dnya_Vesna_1943.gif', NULL, 'http://archive.org/download/NewsOfDay1943AtSpring/Novosti_dnya_Vesna_1943.ogv'),
(170, 'Zorro''s Black Whip: Chapter 9 - Avalanche', 'Ronald Davidson', 1944, 'http://archive.org/download/zorros_black_whip_chapter9/ep9.gif', NULL, 'http://archive.org/download/zorros_black_whip_chapter9/ep9.ogv'),
(171, 'The Wall', '', 1962, 'http://archive.org/download/the_wall_1962/the_wall_1962.gif', NULL, 'http://archive.org/download/the_wall_1962/the_wall_1962.ogv'),
(172, 'Zorro''s Black Whip: Chapter 8 - The Invisible Victim', 'Ronald Davidson', 1944, 'http://archive.org/download/zorros_black_whip_chapter8/ep8.gif', NULL, 'http://archive.org/download/zorros_black_whip_chapter8/ep8.ogv'),
(173, 'Hate Crimez', 'Delaware Based Productions', 2002, 'http://archive.org/download/hate_crimez/hate_crimez_1128kb.gif', NULL, 'http://archive.org/download/hate_crimez/hate_crimez_1128kb.ogv'),
(174, 'The Meaty McMeat Show (sped up 300%)', 'Delaware Based Productions', 1986, 'http://archive.org/download/the_meaty_mcmeat_show_sped_up/the_meaty_mcmeat_show_sped_up_divx.gif', NULL, 'http://archive.org/download/the_meaty_mcmeat_show_sped_up/the_meaty_mcmeat_show_sped_up_divx.ogv'),
(175, 'Drugs In Your Head', 'iLL WiLL PrEss', 2005, 'http://archive.org/download/Drugs_In_YOUR_HEAD/DRUGS_IPOD.gif', 'http://archive.org/download/Drugs_In_YOUR_HEAD/DRUGS_IPOD.mp4', 'http://archive.org/download/Drugs_In_YOUR_HEAD/DRUGS_IPOD.ogv'),
(176, 'Popeye: Greek Mirthology', 'Famous Studios', 1954, 'http://archive.org/download/Popeye_Greek_Mirthology_1954/Popeye_Greek_Mirthology.gif', NULL, 'http://archive.org/download/Popeye_Greek_Mirthology_1954/Popeye_Greek_Mirthology.ogv'),
(177, 'FRACTURE Version 3.0', 'Kyle Willey', 2008, 'http://archive.org/download/FractureVersion3.0/Fracture3.0.gif', NULL, 'http://archive.org/download/FractureVersion3.0/Fracture3.0.ogv'),
(178, 'Manhunt of Mystery Island, Chapter 8', 'Ronald Davidson', 1945, 'http://archive.org/download/ManhuntOfMysteryIsland_8/ManhuntOfMysteryIslandMovieSerialChapter8of15.gif', NULL, 'http://archive.org/download/ManhuntOfMysteryIsland_8/ManhuntOfMysteryIslandMovieSerialChapter8of15.ogv'),
(179, 'Manhunt of Mystery Island, Chapter 4', 'Ronald Davidson', 1945, 'http://archive.org/download/ManhuntOfMysteryIsland_4/ManhuntOfMysteryIslandMovieSerialChapter4of15.gif', NULL, 'http://archive.org/download/ManhuntOfMysteryIsland_4/ManhuntOfMysteryIslandMovieSerialChapter4of15.ogv'),
(180, 'Squirrel Songs', 'iLL WiLL PrEss', 2005, 'http://archive.org/download/Squirrel_Songs/S_S.gif', NULL, 'http://archive.org/download/Squirrel_Songs/S_S.ogv'),
(181, 'animated fire', '', 2005, 'http://archive.org/download/feuerversuch/feuerversuch.gif', NULL, 'http://archive.org/download/feuerversuch/feuerversuch.ogv'),
(182, 'Little Audrey: The Lost Dream', 'Famous Studios', 1949, 'http://archive.org/download/Little_Audrey_The_Lost_Dream_1949/Little_Audrey_The_Lost_Dream.gif', NULL, 'http://archive.org/download/Little_Audrey_The_Lost_Dream_1949/Little_Audrey_The_Lost_Dream.ogv'),
(183, 'The Other Dragon', 'Jerry White Jr.', 2003, 'http://archive.org/download/theotherdragon/theotherdragon.gif', NULL, 'http://archive.org/download/theotherdragon/theotherdragon_lg.ogv'),
(184, 'Spooking About Africa', 'Famous Studios', 1957, 'http://archive.org/download/Casper_the_Friendly_Ghost_-_Spooking_About_Africa_-_1957/CaspertheFriendlyGhost-SpookingAboutAfrica-1957.gif', NULL, 'http://archive.org/download/Casper_the_Friendly_Ghost_-_Spooking_About_Africa_-_1957/CaspertheFriendlyGhost-SpookingAboutAfrica-1957.ogv'),
(185, 'Make Mine Freedom', 'John Sutherland', 1948, 'http://archive.org/download/make_mine_freedom_ipod/make_mine_freedom.gif', NULL, 'http://archive.org/download/make_mine_freedom_ipod/make_mine_freedom.ogv'),
(186, 'Mutilation D''ermo', 'Delaware Based Productions', 2002, 'http://archive.org/download/mutilation_d_ermo/mutilation_d_ermo_1728kb.gif', NULL, 'http://archive.org/download/mutilation_d_ermo/mutilation_d_ermo_1728kb.ogv'),
(187, 'Vivere la diversità', 'Raffaella Traniello', 2010, 'http://archive.org/download/VivereLaDiversita/Saonara.gif', NULL, 'http://archive.org/download/VivereLaDiversita/Saonara.ogv'),
(188, ':: Neurotically Yours :: Tech Support', 'iLL WiLL PrEss', 2004, 'http://archive.org/download/Tech_Support/Tech_Support.gif', 'http://archive.org/download/Tech_Support/Tech_Support.mp4', 'http://archive.org/download/Tech_Support/Tech_Support.ogv'),
(189, 'Solitaire Confinement', 'iLL WiLL PrEss', 2006, 'http://archive.org/download/Solitaire_Confinement/SOLIT_IPOD.gif', NULL, 'http://archive.org/download/Solitaire_Confinement/SOLIT_IPOD.ogv'),
(190, 'Little Brown Jug', 'Famous Studios', 1948, 'http://archive.org/download/Little_Brown_Jug_1948/Little_Brown_Jug.gif', NULL, 'http://archive.org/download/Little_Brown_Jug_1948/Little_Brown_Jug.ogv'),
(191, 'Adventures of Smilin'' Jack - Chapter 12', 'Ford Beebe', 1943, 'http://archive.org/download/Adventures_of_Smilin_Jack_-_Chapter_12/sj12.gif', NULL, 'http://archive.org/download/Adventures_of_Smilin_Jack_-_Chapter_12/sj12.ogv'),
(192, 'Adventures of Smilin'' Jack - Chapter 13', 'Ford Beebe', 1943, 'http://archive.org/download/Adventures_of_Smilin_Jack_-_Chapter_13/sj13.gif', NULL, 'http://archive.org/download/Adventures_of_Smilin_Jack_-_Chapter_13/sj13.ogv'),
(193, 'Adventures of Smilin'' Jack - Chapter 10', 'Ford Beebe', 1943, 'http://archive.org/download/Adventures_of_Smilin_Jack_-_Chapter_10/sj10.gif', NULL, 'http://archive.org/download/Adventures_of_Smilin_Jack_-_Chapter_10/sj10.ogv'),
(194, 'Adventures of Smilin'' Jack - Chapter 11', 'Ford Beebe', 1943, 'http://archive.org/download/Adventures_of_Smilin_Jack_-_Chapter_11/sj11.gif', NULL, 'http://archive.org/download/Adventures_of_Smilin_Jack_-_Chapter_11/sj11.ogv'),
(195, 'Once You Go Black', 'iLL WiLL PrEss', 2006, 'http://archive.org/download/once_black/ONCEYOUGO_IPOD.gif', 'http://archive.org/download/once_black/ONCEYOUGO_IPOD.mp4', 'http://archive.org/download/once_black/ONCEYOUGO_IPOD.ogv'),
(196, 'Foamy : Restaurants', 'iLL WiLL PrEss', 2006, 'http://archive.org/download/restaurants_foamy/REST_IPOD.gif', NULL, 'http://archive.org/download/restaurants_foamy/REST_IPOD.ogv'),
(197, 'Cell Phones And Car Ads', 'iLL WiLL PrEss', 2006, 'http://archive.org/download/CELLPHONE_CARADS_IPOD/Cell_IPOD.gif', NULL, 'http://archive.org/download/CELLPHONE_CARADS_IPOD/Cell_IPOD.ogv'),
(198, 'Going Places', 'John Sutherland', 1945, 'http://archive.org/download/going_places/GoingPla1948.gif', NULL, 'http://archive.org/download/going_places/GoingPla1948.ogv'),
(199, 'Trinket', '', 2005, 'http://archive.org/download/TrinketRP/Trinket.gif', 'http://archive.org/download/TrinketRP/Trinket.mp4', 'http://archive.org/download/TrinketRP/Trinket.ogv'),
(200, 'Eyes (Short Film)', 'Kyle Willey', 2008, 'http://archive.org/download/EyesshortFilm/Eyes.gif', NULL, 'http://archive.org/download/EyesshortFilm/Eyes.ogv'),
(201, 'The Great Alaskan Mystery', 'Henry MacRae', 1944, 'http://archive.org/download/great_alaskan_mystery_13l/gam13.gif', NULL, 'http://archive.org/download/great_alaskan_mystery_13l/gam13.ogv'),
(202, 'Sacrifice (Short Film)', 'Kyle Willey', 2006, 'http://archive.org/download/SacrificeshortFilm/Sacrifice.gif', NULL, 'http://archive.org/download/SacrificeshortFilm/Sacrifice.ogv'),
(203, 'The Art of Sitting', '', 2005, 'http://archive.org/download/The_Art_of_Sitting/The_Art_of_Sitting.gif', NULL, 'http://archive.org/download/The_Art_of_Sitting/The_Art_of_Sitting.ogv'),
(204, '"News of day" No.1-2 (1943, January)', 'Centlal Newsreel Studio, USSR', 1943, 'http://archive.org/download/NewsOfDayNo.1-21943January/Novosti_dnya_No.1-2Yanvar_1943.gif', NULL, 'http://archive.org/download/NewsOfDayNo.1-21943January/Novosti_dnya_No.1-2Yanvar_1943.ogv'),
(205, 'Mummy Strikes, The', '', 1943, 'http://archive.org/download/mummy_strikes/mummy_strikes.gif', NULL, 'http://archive.org/download/mummy_strikes/mummy_strikes.ogv'),
(206, 'CDs', 'iLL WiLL PrEss', 2006, 'http://archive.org/download/CDs_iPod/CDS_IPOD.gif', NULL, 'http://archive.org/download/CDs_iPod/CDS_IPOD.ogv'),
(207, 'Zorro''s Black Whip: Chapter 12 - Trial of Tyranny', 'Ronald Davidson', 1944, 'http://archive.org/download/zorros_black_whip_chapter12/ep12.gif', NULL, 'http://archive.org/download/zorros_black_whip_chapter12/ep12.ogv'),
(208, 'Zorro''s Black Whip: Chapter 11 - Flaming Juggernaut', 'Ronald Davidson', 1944, 'http://archive.org/download/zorros_black_whip_chapter11/ep11.gif', NULL, 'http://archive.org/download/zorros_black_whip_chapter11/ep11.ogv'),
(209, 'Zorro''s Black Whip: Chapter 10 - Fangs of Doom', 'Ronald Davidson', 1944, 'http://archive.org/download/zorros_black_whip_chapter10/ep10.gif', NULL, 'http://archive.org/download/zorros_black_whip_chapter10/ep10.ogv'),
(210, 'Haul in One, A', '', 1956, 'http://archive.org/download/haul_in_one/haul_in_one.gif', NULL, 'http://archive.org/download/haul_in_one/haul_in_one.ogv'),
(211, 'Manhunt of Mystery Island, Chapter 2', 'Ronald Davidson', 1945, 'http://archive.org/download/ManhuntMysteryIsland_2/ManhuntOfMysteryIslandMovieSerialChapter2of15.gif', NULL, 'http://archive.org/download/ManhuntMysteryIsland_2/ManhuntOfMysteryIslandMovieSerialChapter2of15.ogv'),
(212, 'Don Winslow of the Navy: Chapter 11 - Caught in the Caverns', 'Henry MacRae', 1942, 'http://archive.org/download/don_winslow_of_the_navy_ep11/ep11.gif', NULL, 'http://archive.org/download/don_winslow_of_the_navy_ep11/ep11.ogv'),
(213, 'Don Winslow of the Navy: Chapter 12 - The Scorpion Strangled', 'Henry MacRae', 1942, 'http://archive.org/download/don_winslow_of_the_navy_ep12/ep12.gif', NULL, 'http://archive.org/download/don_winslow_of_the_navy_ep12/ep12.ogv'),
(214, 'Don Winslow of the Navy: Chapter 10 - Fighting Fathoms Deep', 'Henry MacRae', 1942, 'http://archive.org/download/don_winslow_of_the_navy_ep10/ep10.gif', NULL, 'http://archive.org/download/don_winslow_of_the_navy_ep10/ep10.ogv'),
(215, 'Great Alaskan Mystery: Chapter 13', 'Henry MacRae', 1944, 'http://archive.org/download/great_alaskan_mystery_chap_13/gam13.gif', NULL, 'http://archive.org/download/great_alaskan_mystery_chap_13/gam13.ogv'),
(216, 'Ermo Jr.', 'Delaware Based Productions', 2003, 'http://archive.org/download/ermo_jr/ermo_jr_1728kb.gif', NULL, 'http://archive.org/download/ermo_jr/ermo_jr_1728kb.ogv'),
(217, 'A Flawed Family Flick - The Boat', 'Ivan Bridgewater', 2006, 'http://archive.org/download/IMB_The_Boat/IMB_The_Boat.gif', NULL, 'http://archive.org/download/IMB_The_Boat/IMB_The_Boat.ogv'),
(218, 'Hospital Stay', 'iLL WiLL PrEss', 2004, 'http://archive.org/download/Hospital_Stay_m4v/H_S_ipod.gif', NULL, 'http://archive.org/download/Hospital_Stay_m4v/H_S_ipod.ogv');

-- --------------------------------------------------------

--
-- Table structure for table `movies_topics`
--

CREATE TABLE IF NOT EXISTS `movies_topics` (
  `movie_id` int(11) NOT NULL,
  `topic_id` int(11) NOT NULL,
  PRIMARY KEY (`movie_id`,`topic_id`),
  KEY `topic_id` (`topic_id`)
) ENGINE=InnoDB DEFAULT CHARSET=utf8;

--
-- Dumping data for table `movies_topics`
--

INSERT INTO `movies_topics` (`movie_id`, `topic_id`) VALUES
(37, 2),
(183, 2),
(173, 3),
(18, 4),
(19, 5),
(24, 5),
(25, 5),
(50, 5),
(53, 5),
(55, 5),
(57, 5),
(88, 5),
(94, 5),
(177, 5),
(200, 5),
(202, 5),
(19, 6),
(24, 6),
(25, 6),
(50, 6),
(53, 6),
(55, 6),
(57, 6),
(88, 6),
(94, 6),
(177, 6),
(200, 6),
(202, 6),
(174, 7),
(12, 8),
(13, 8),
(148, 9),
(34, 10),
(162, 11),
(21, 12),
(163, 13),
(165, 13),
(166, 13),
(167, 13),
(168, 13),
(170, 13),
(172, 13),
(207, 13),
(208, 13),
(209, 13),
(54, 14),
(72, 15),
(105, 15),
(198, 15),
(174, 16),
(181, 17),
(1, 18),
(48, 18),
(103, 18),
(162, 18),
(183, 18),
(217, 18),
(19, 19),
(24, 19),
(25, 19),
(50, 19),
(53, 19),
(55, 19),
(57, 19),
(88, 19),
(94, 19),
(177, 19),
(200, 19),
(202, 19),
(216, 20),
(164, 21),
(41, 22),
(60, 22),
(61, 22),
(63, 22),
(64, 22),
(65, 22),
(66, 22),
(67, 22),
(68, 22),
(70, 22),
(118, 22),
(119, 22),
(122, 22),
(21, 23),
(107, 23),
(186, 23),
(216, 23),
(8, 24),
(173, 24),
(174, 24),
(98, 25),
(5, 26),
(43, 26),
(101, 26),
(112, 26),
(158, 26),
(36, 27),
(73, 27),
(74, 27),
(75, 27),
(97, 27),
(185, 27),
(10, 28),
(44, 28),
(89, 28),
(147, 28),
(159, 28),
(37, 29),
(183, 29),
(8, 30),
(186, 30),
(216, 30),
(36, 31),
(39, 31),
(73, 31),
(74, 31),
(75, 31),
(97, 31),
(121, 32),
(8, 33),
(186, 33),
(216, 33),
(36, 34),
(73, 34),
(74, 34),
(75, 34),
(97, 34),
(1, 35),
(48, 35),
(98, 35),
(188, 36),
(8, 37),
(18, 38),
(54, 38),
(56, 38),
(59, 38),
(100, 38),
(187, 38),
(148, 39),
(199, 39),
(36, 40),
(73, 40),
(74, 40),
(75, 40),
(97, 40),
(18, 41),
(56, 41),
(59, 41),
(100, 41),
(187, 41),
(19, 42),
(24, 42),
(25, 42),
(50, 42),
(53, 42),
(55, 42),
(57, 42),
(88, 42),
(94, 42),
(177, 42),
(200, 42),
(202, 42),
(36, 43),
(73, 43),
(74, 43),
(75, 43),
(97, 43),
(1, 44),
(48, 44),
(217, 44),
(59, 45),
(186, 46),
(216, 46),
(8, 47),
(21, 47),
(107, 47),
(174, 47),
(184, 47),
(186, 47),
(216, 47),
(8, 48),
(186, 48),
(216, 48),
(34, 49),
(60, 50),
(61, 50),
(63, 50),
(64, 50),
(65, 50),
(66, 50),
(67, 50),
(68, 50),
(70, 50),
(118, 50),
(119, 50),
(122, 50),
(7, 52),
(91, 52),
(9, 53),
(20, 53),
(45, 53),
(96, 53),
(143, 53),
(169, 53),
(204, 53),
(39, 54),
(121, 55),
(162, 56),
(12, 57),
(13, 57),
(26, 57),
(27, 57),
(28, 57),
(29, 57),
(30, 57),
(31, 57),
(32, 57),
(33, 57),
(58, 57),
(77, 57),
(78, 57),
(80, 57),
(81, 57),
(82, 57),
(83, 57),
(146, 57),
(178, 57),
(179, 57),
(183, 57),
(211, 57),
(148, 58),
(19, 59),
(24, 59),
(25, 59),
(50, 59),
(53, 59),
(55, 59),
(57, 59),
(88, 59),
(94, 59),
(177, 59),
(200, 59),
(202, 59),
(18, 60),
(56, 60),
(59, 60),
(100, 60),
(19, 61),
(24, 61),
(25, 61),
(50, 61),
(53, 61),
(55, 61),
(57, 61),
(88, 61),
(94, 61),
(177, 61),
(200, 61),
(202, 61),
(8, 62),
(19, 63),
(24, 63),
(25, 63),
(50, 63),
(53, 63),
(55, 63),
(57, 63),
(88, 63),
(177, 63),
(200, 63),
(202, 63),
(51, 64),
(5, 65),
(43, 65),
(101, 65),
(112, 65),
(158, 65),
(9, 66),
(20, 66),
(45, 66),
(96, 66),
(143, 66),
(169, 66),
(204, 66),
(173, 67),
(36, 68),
(73, 68),
(74, 68),
(75, 68),
(97, 68),
(8, 69),
(18, 70),
(59, 70),
(187, 70),
(9, 71),
(20, 71),
(45, 71),
(96, 71),
(143, 71),
(169, 71),
(204, 71),
(92, 72),
(109, 72),
(8, 73),
(105, 74),
(72, 75),
(198, 75),
(90, 76),
(92, 76),
(185, 78),
(10, 79),
(89, 79),
(110, 79),
(186, 80),
(184, 81),
(34, 82),
(9, 83),
(20, 83),
(45, 83),
(96, 83),
(143, 83),
(169, 83),
(204, 83),
(9, 84),
(20, 84),
(45, 84),
(96, 84),
(143, 84),
(169, 84),
(204, 84),
(18, 85),
(54, 85),
(56, 85),
(59, 85),
(100, 85),
(187, 85),
(59, 86),
(9, 87),
(20, 87),
(45, 87),
(96, 87),
(143, 87),
(169, 87),
(204, 87),
(4, 88),
(38, 88),
(40, 88),
(71, 88),
(86, 88),
(87, 88),
(176, 88),
(210, 88),
(18, 89),
(54, 89),
(56, 89),
(59, 89),
(100, 89),
(187, 89),
(24, 90),
(88, 90),
(94, 90),
(121, 91),
(54, 92),
(8, 93),
(9, 94),
(20, 94),
(45, 94),
(96, 94),
(143, 94),
(169, 94),
(204, 94),
(9, 95),
(20, 95),
(45, 95),
(96, 95),
(143, 95),
(169, 95),
(204, 95),
(173, 96),
(174, 96),
(7, 97),
(89, 97),
(90, 97),
(91, 97),
(103, 97),
(110, 97),
(147, 97),
(159, 97),
(162, 97),
(26, 98),
(27, 98),
(28, 98),
(29, 98),
(30, 98),
(31, 98),
(32, 98),
(33, 98),
(46, 98),
(47, 98),
(77, 98),
(78, 98),
(80, 98),
(81, 98),
(82, 98),
(83, 98),
(132, 98),
(133, 98),
(134, 98),
(135, 98),
(136, 98),
(137, 98),
(138, 98),
(139, 98),
(140, 98),
(149, 98),
(150, 98),
(151, 98),
(152, 98),
(153, 98),
(154, 98),
(155, 98),
(156, 98),
(157, 98),
(183, 98),
(212, 98),
(213, 98),
(214, 98),
(89, 99),
(159, 99),
(9, 100),
(20, 100),
(41, 100),
(45, 100),
(96, 100),
(143, 100),
(169, 100),
(204, 100),
(1, 101),
(22, 101),
(48, 101),
(217, 101),
(51, 102),
(8, 103),
(173, 103),
(186, 103),
(216, 103),
(19, 104),
(24, 104),
(25, 104),
(50, 104),
(53, 104),
(55, 104),
(57, 104),
(88, 104),
(94, 104),
(177, 104),
(200, 104),
(202, 104),
(18, 105),
(184, 106),
(54, 107),
(19, 108),
(24, 108),
(25, 108),
(50, 108),
(53, 108),
(55, 108),
(57, 108),
(88, 108),
(94, 108),
(177, 108),
(200, 108),
(202, 108),
(18, 109),
(56, 109),
(59, 109),
(100, 109),
(187, 109),
(182, 110),
(8, 111),
(54, 113),
(36, 114),
(39, 114),
(73, 114),
(74, 114),
(75, 114),
(97, 114),
(7, 115),
(89, 115),
(90, 115),
(91, 115),
(103, 115),
(110, 115),
(147, 115),
(159, 115),
(162, 115),
(148, 116),
(174, 116),
(186, 117),
(216, 117),
(148, 118),
(184, 119),
(26, 120),
(27, 120),
(28, 120),
(29, 120),
(30, 120),
(31, 120),
(32, 120),
(33, 120),
(77, 120),
(78, 120),
(80, 120),
(81, 120),
(82, 120),
(83, 120),
(132, 120),
(133, 120),
(134, 120),
(135, 120),
(136, 120),
(137, 120),
(138, 120),
(139, 120),
(140, 120),
(212, 120),
(213, 120),
(214, 120),
(2, 121),
(3, 121),
(102, 121),
(104, 121),
(106, 121),
(113, 121),
(114, 121),
(115, 121),
(116, 121),
(120, 121),
(130, 121),
(131, 121),
(19, 122),
(24, 122),
(25, 122),
(50, 122),
(53, 122),
(55, 122),
(57, 122),
(88, 122),
(94, 122),
(177, 122),
(186, 122),
(200, 122),
(202, 122),
(216, 122),
(174, 124),
(186, 124),
(216, 124),
(5, 125),
(112, 125),
(158, 125),
(148, 126),
(173, 126),
(44, 127),
(34, 128),
(4, 129),
(14, 129),
(38, 129),
(49, 129),
(71, 129),
(79, 129),
(87, 129),
(141, 129),
(176, 129),
(182, 129),
(184, 129),
(190, 129),
(186, 130),
(216, 130),
(186, 131),
(216, 131),
(5, 132),
(43, 132),
(101, 132),
(112, 132),
(158, 132),
(183, 133),
(12, 134),
(13, 134),
(34, 134),
(46, 134),
(47, 134),
(60, 134),
(61, 134),
(63, 134),
(64, 134),
(65, 134),
(66, 134),
(67, 134),
(68, 134),
(70, 134),
(118, 134),
(119, 134),
(122, 134),
(149, 134),
(150, 134),
(151, 134),
(152, 134),
(153, 134),
(154, 134),
(155, 134),
(156, 134),
(157, 134),
(201, 134),
(215, 134),
(18, 135),
(56, 135),
(59, 135),
(100, 135),
(187, 135),
(34, 136),
(174, 137),
(19, 139),
(24, 139),
(25, 139),
(50, 139),
(53, 139),
(55, 139),
(57, 139),
(88, 139),
(94, 139),
(177, 139),
(200, 139),
(202, 139),
(18, 140),
(21, 141),
(107, 141),
(186, 141),
(216, 141),
(18, 142),
(56, 142),
(59, 142),
(100, 142),
(187, 142),
(92, 143),
(109, 143),
(148, 146),
(44, 147),
(6, 148),
(17, 148),
(23, 148),
(42, 148),
(52, 148),
(95, 148),
(99, 148),
(123, 148),
(160, 148),
(161, 148),
(175, 148),
(180, 148),
(189, 148),
(195, 148),
(196, 148),
(197, 148),
(206, 148),
(218, 148),
(19, 149),
(24, 149),
(25, 149),
(50, 149),
(53, 149),
(55, 149),
(57, 149),
(88, 149),
(94, 149),
(177, 149),
(200, 149),
(202, 149),
(19, 150),
(24, 150),
(25, 150),
(50, 150),
(53, 150),
(55, 150),
(57, 150),
(88, 150),
(94, 150),
(177, 150),
(200, 150),
(202, 150),
(174, 151),
(186, 151),
(216, 151),
(8, 152),
(174, 153),
(186, 154),
(216, 154),
(8, 155),
(15, 155),
(16, 155),
(18, 155),
(21, 155),
(39, 155),
(40, 155),
(56, 155),
(59, 155),
(62, 155),
(69, 155),
(72, 155),
(76, 155),
(84, 155),
(85, 155),
(93, 155),
(100, 155),
(105, 155),
(107, 155),
(108, 155),
(111, 155),
(117, 155),
(148, 155),
(173, 155),
(174, 155),
(186, 155),
(198, 155),
(205, 155),
(210, 155),
(216, 155),
(18, 157),
(199, 158),
(181, 159),
(37, 160),
(8, 161),
(51, 161),
(162, 161),
(56, 162),
(59, 162),
(100, 162),
(186, 163),
(216, 163),
(94, 164),
(107, 165),
(173, 165),
(5, 166),
(112, 166),
(158, 166),
(8, 167),
(173, 168),
(37, 169),
(183, 169),
(18, 170),
(184, 171),
(39, 172),
(184, 173),
(9, 174),
(20, 174),
(45, 174),
(96, 174),
(143, 174),
(169, 174),
(204, 174),
(8, 175),
(5, 176),
(41, 176),
(43, 176),
(101, 176),
(112, 176),
(158, 176),
(187, 176),
(174, 177),
(19, 178),
(24, 178),
(25, 178),
(50, 178),
(53, 178),
(55, 178),
(57, 178),
(88, 178),
(94, 178),
(177, 178),
(200, 178),
(202, 178),
(173, 180),
(18, 181),
(56, 181),
(59, 181),
(100, 181),
(187, 181),
(19, 182),
(50, 182),
(55, 182),
(57, 182),
(200, 182),
(12, 183),
(13, 183),
(26, 183),
(27, 183),
(28, 183),
(29, 183),
(30, 183),
(31, 183),
(32, 183),
(33, 183),
(46, 183),
(47, 183),
(58, 183),
(60, 183),
(61, 183),
(63, 183),
(64, 183),
(65, 183),
(66, 183),
(67, 183),
(68, 183),
(70, 183),
(77, 183),
(78, 183),
(80, 183),
(81, 183),
(82, 183),
(83, 183),
(118, 183),
(119, 183),
(122, 183),
(132, 183),
(133, 183),
(134, 183),
(135, 183),
(136, 183),
(137, 183),
(138, 183),
(139, 183),
(140, 183),
(146, 183),
(149, 183),
(150, 183),
(151, 183),
(152, 183),
(153, 183),
(154, 183),
(155, 183),
(156, 183),
(157, 183),
(163, 183),
(165, 183),
(166, 183),
(167, 183),
(168, 183),
(170, 183),
(172, 183),
(178, 183),
(179, 183),
(192, 183),
(201, 183),
(207, 183),
(208, 183),
(209, 183),
(211, 183),
(212, 183),
(213, 183),
(214, 183),
(215, 183),
(21, 184),
(107, 184),
(186, 184),
(216, 184),
(37, 185),
(10, 186),
(8, 188),
(21, 189),
(107, 189),
(186, 189),
(216, 189),
(8, 190),
(21, 190),
(107, 190),
(173, 190),
(186, 190),
(216, 190),
(34, 191),
(98, 192),
(21, 193),
(107, 193),
(186, 193),
(216, 193),
(174, 194),
(43, 195),
(101, 195),
(19, 196),
(24, 196),
(25, 196),
(50, 196),
(53, 196),
(55, 196),
(57, 196),
(88, 196),
(94, 196),
(177, 196),
(200, 196),
(202, 196),
(187, 197),
(8, 198),
(148, 199),
(173, 199),
(34, 200),
(109, 201),
(173, 203),
(19, 204),
(24, 204),
(25, 204),
(50, 204),
(53, 204),
(55, 204),
(57, 204),
(88, 204),
(94, 204),
(177, 204),
(200, 204),
(202, 204),
(56, 205),
(18, 206),
(56, 206),
(59, 206),
(100, 206),
(199, 206),
(8, 207),
(174, 207),
(12, 208),
(13, 208),
(18, 209),
(54, 209),
(56, 209),
(59, 209),
(100, 209),
(187, 209),
(1, 210),
(22, 210),
(48, 210),
(98, 210),
(217, 210),
(14, 212),
(49, 212),
(190, 212),
(79, 213),
(182, 213),
(185, 214),
(124, 215),
(125, 215),
(126, 215),
(127, 215),
(128, 215),
(129, 215),
(144, 215),
(145, 215),
(191, 215),
(193, 215),
(194, 215),
(183, 216),
(174, 217),
(186, 218),
(216, 218),
(5, 219),
(43, 219),
(101, 219),
(112, 219),
(158, 219),
(5, 220),
(43, 220),
(101, 220),
(112, 220),
(158, 220),
(8, 221),
(173, 221),
(174, 221),
(186, 221),
(216, 221),
(8, 222),
(15, 223),
(16, 223),
(35, 223),
(69, 223),
(76, 223),
(93, 223),
(108, 223),
(117, 223),
(205, 223),
(5, 224),
(43, 224),
(101, 224),
(112, 224),
(158, 224),
(59, 225),
(148, 226),
(36, 228),
(73, 228),
(74, 228),
(75, 228),
(97, 228),
(141, 230),
(192, 231),
(8, 232),
(174, 232),
(19, 233),
(24, 233),
(25, 233),
(50, 233),
(53, 233),
(55, 233),
(57, 233),
(88, 233),
(94, 233),
(177, 233),
(200, 233),
(202, 233),
(37, 234),
(37, 235),
(183, 235),
(37, 236),
(183, 236),
(173, 237),
(173, 238),
(174, 239),
(173, 240),
(19, 241),
(24, 241),
(25, 241),
(50, 241),
(53, 241),
(55, 241),
(57, 241),
(88, 241),
(94, 241),
(177, 241),
(200, 241),
(202, 241),
(1, 242),
(22, 242),
(48, 242),
(98, 242),
(217, 242),
(79, 243),
(90, 244),
(5, 246),
(43, 246),
(101, 246),
(112, 246),
(158, 246),
(186, 247),
(216, 247),
(1, 248),
(22, 248),
(48, 248),
(217, 248),
(34, 249);

-- --------------------------------------------------------

--
-- Table structure for table `topics`
--

CREATE TABLE IF NOT EXISTS `topics` (
  `topic_id` int(11) NOT NULL AUTO_INCREMENT,
  `topic_name` text NOT NULL,
  PRIMARY KEY (`topic_id`)
) ENGINE=InnoDB  DEFAULT CHARSET=utf8 AUTO_INCREMENT=250 ;

--
-- Dumping data for table `topics`
--

INSERT INTO `topics` (`topic_id`, `topic_name`) VALUES
(2, 'german'),
(3, 'Silly'),
(4, 'food education'),
(5, 'Black & White'),
(6, 'Indiana'),
(7, 'Divx'),
(8, 'Action Adventure'),
(9, 'Compositing'),
(10, 'Morgan Cox (screenplay)'),
(11, 'Psychedelic'),
(12, 'Nathan Smithe (silent e)'),
(13, 'Western'),
(14, 'big cartoon festival'),
(15, 'John Sutherland'),
(16, 'Perversion'),
(17, 'fire'),
(18, 'Comedy'),
(19, 'Gary Norton'),
(20, 'Scatology'),
(21, 'Serial, Western'),
(22, 'WWII'),
(23, 'Stop-Motion'),
(24, 'Surrealism'),
(25, 'BTV Music Video'),
(26, 'Neverwinter Nights'),
(27, 'Cold War'),
(28, 'Video Art'),
(29, 'kafkaesque'),
(30, 'Demented'),
(31, 'atomic'),
(32, 'science'),
(33, 'Surrealist'),
(34, 'civil defense'),
(35, 'BTV'),
(36, 'Foamy The Squirrel, iLL WiLL PrEss, Neurotically Yours, Germaine, Goth CHick, Pilz-E, Cult Cartoon'),
(37, 'Sex'),
(38, 'GNU'),
(39, 'clay'),
(40, 'home preparedness'),
(41, 'kids'),
(42, 'Der Golem'),
(43, 'filmstrip'),
(44, 'BTV Comedy'),
(45, 'salt'),
(46, 'Low Brow'),
(47, 'cartoon'),
(48, 'Poop'),
(49, 'Johnny Downs'),
(50, 'Nazi'),
(51, 'cold war'),
(52, 'Improv'),
(53, 'soviet'),
(54, 'Physics'),
(55, 'tour'),
(56, 'Garage Humor'),
(57, 'Sci-Fi'),
(58, 'Cover'),
(59, 'Short Film'),
(60, 'luciole'),
(61, 'Tetsuo'),
(62, 'The Meaty McMeat Show'),
(63, 'Robe.'),
(64, 'stoner'),
(65, 'Punk'),
(66, 'Newsreel'),
(67, 'Stoned'),
(68, 'fallout shelter'),
(69, 'Xvid'),
(70, 'school'),
(71, 'Great Patriotic War'),
(72, 'military'),
(73, 'Profanity'),
(74, 'Business, New York Stock Exchange'),
(75, 'Business'),
(76, 'PSA'),
(77, 'Clay'),
(78, 'Animation: Advertising'),
(79, 'Experimental'),
(80, 'French Titles'),
(81, 'Casper'),
(82, 'Bobby Jordan'),
(83, '1943'),
(84, '1942'),
(85, 'cinelerra'),
(86, 'sand'),
(87, '1941'),
(88, 'Popeye'),
(89, 'Linux'),
(90, 'Black Cinema'),
(91, 'laboratory'),
(92, 'Italy'),
(93, 'Porn'),
(94, '1945'),
(95, '1944'),
(96, 'Dementia'),
(97, '30 Minutes Of Madness'),
(98, 'Action'),
(99, 'Trash Art'),
(100, 'War'),
(101, 'Buster Keaton'),
(102, 'video'),
(103, 'Stupid'),
(104, 'Begotten'),
(105, 'vegetables'),
(106, 'Seymour Kneitel'),
(107, 'Russia'),
(108, '2008'),
(109, 'open source'),
(110, 'Little Audrey'),
(111, 'Nathan Smithe (the e is silent)'),
(112, 'linux'),
(113, 'pasta'),
(114, 'nuclear'),
(115, '30MOM.COM'),
(116, 'Sped up'),
(117, 'Crap'),
(118, 'Speed'),
(119, 'Jack Mercer'),
(120, 'Adventure'),
(121, 'serial, cliffhanger'),
(122, 'Horror'),
(123, 'war'),
(124, 'Underground'),
(125, 'Hugh'),
(126, 'Humor'),
(127, 'Feminist'),
(128, 'Lewis D. Collins'),
(129, 'Famous Studios'),
(130, 'Classical'),
(131, 'Lemmy'),
(132, 'Bloodspell'),
(133, 'romance'),
(134, 'Cliffhanger'),
(135, 'education'),
(136, 'Morgan Cox (story)'),
(137, 'No Budget'),
(138, 'Cartoon'),
(139, 'Drone'),
(140, 'ZynAddSubFX'),
(141, 'Ermo'),
(142, 'children'),
(143, 'safety'),
(144, 'sci-fi'),
(145, 'action'),
(146, 'Tweak'),
(147, 'Identity'),
(148, 'Foamy The Squirrel, iLL WiLL PrEss, Neurotically Yours, Germaine, Goth CHick, Pilz-E, Cult Cartoon, Gothic, Funny, Rants'),
(149, 'Scissor Shock'),
(150, 'Indie'),
(151, 'Psycho'),
(152, 'Violence'),
(153, 'Muppet Gibberish'),
(154, 'Nathan Smithe (the ''e'' is silent)'),
(155, 'animation'),
(156, 'popeye'),
(157, 'spot'),
(158, 'Trinket'),
(159, 'animated'),
(160, 'homage'),
(161, 'Drugs'),
(162, 'creative commons'),
(163, 'Frame'),
(164, 'Robe'),
(165, 'Nathan Smithe (the'),
(166, 'Hancock'),
(167, 'Kitchen Sink'),
(168, 'Ignorance'),
(169, 'foreign'),
(170, 'promo'),
(171, 'ghost'),
(172, 'Energy'),
(173, 'Cecil Roy'),
(174, 'USSR'),
(175, 'Art History Monster Truck Racing'),
(176, 'documentary'),
(177, 'Cinema'),
(178, 'Movie'),
(179, 'drugs'),
(180, 'Hate'),
(181, 'free software'),
(182, 'FRACTURE'),
(183, 'Serial'),
(184, 'Beans'),
(185, 'short narrative'),
(186, 'Video Poem'),
(187, 'Animation'),
(188, 'Sick'),
(189, 'Hats'),
(190, 'Funny'),
(191, 'Ward Wood'),
(192, 'Halloween'),
(193, 'Puppet'),
(194, 'Twisted'),
(195, 'Hancock, Hugh'),
(196, 'Film'),
(197, 'disability'),
(198, 'Nudity'),
(199, 'Stop Motion'),
(200, 'Ray Taylor'),
(201, 'aviation'),
(202, 'cliffhanger'),
(203, 'Nothing'),
(204, 'Adam Cooley'),
(205, 'frog'),
(206, 'stopmotion'),
(207, 'Meaty McMeat'),
(208, 'Green Hornet'),
(209, 'ubuntu'),
(210, 'Warped Vision Video'),
(211, 'comedy'),
(212, 'Screen Songs'),
(213, 'Noveltoon'),
(214, 'Capitalism'),
(215, 'serial, cliff hanger'),
(216, 'short  narrative'),
(217, 'All Knowing All Seeing Psychic Talking Pie'),
(218, 'Mr. Evil Bad'),
(219, 'Strange Company'),
(220, 'Fantasy'),
(221, 'Cult'),
(222, 'Collage'),
(223, 'superman'),
(224, 'Bioware'),
(225, 'claymation'),
(226, 'Bitch'),
(227, 'Stop motion'),
(228, 'CONELRAD'),
(229, 'Atomic'),
(230, 'Little Lulu'),
(231, 'cliff hanger'),
(232, 'Meat'),
(233, 'David Lynch'),
(234, 'drama'),
(235, 'existentialism'),
(236, 'deutsch'),
(237, 'Cliche'),
(238, 'Ancient Sumaria'),
(239, 'Lungy McButter'),
(240, 'Fruit'),
(241, 'Silent'),
(242, 'Bridgewater Video'),
(243, 'Baby Huey'),
(244, 'Skits'),
(245, 'serial'),
(246, 'making of'),
(247, 'Teh'),
(248, 'Flawed Family Flick'),
(249, 'Robert Armstrongserial');

-- --------------------------------------------------------

--
-- Table structure for table `users`
--

CREATE TABLE IF NOT EXISTS `users` (
  `user_id` int(11) NOT NULL AUTO_INCREMENT,
  `username` text NOT NULL,
  `password` text NOT NULL,
  `email` text NOT NULL,
  PRIMARY KEY (`user_id`)
) ENGINE=InnoDB DEFAULT CHARSET=utf8 AUTO_INCREMENT=1 ;

-- --------------------------------------------------------

--
-- Table structure for table `users_topics`
--

CREATE TABLE IF NOT EXISTS `users_topics` (
  `user_id` int(11) NOT NULL,
  `topic_id` int(11) NOT NULL,
  `count` int(11) NOT NULL,
  KEY `user_id` (`user_id`),
  KEY `topic_id` (`topic_id`)
) ENGINE=InnoDB DEFAULT CHARSET=utf8;

--
-- Constraints for dumped tables
--

--
-- Constraints for table `movies_topics`
--
ALTER TABLE `movies_topics`
  ADD CONSTRAINT `movies_topics_ibfk_1` FOREIGN KEY (`movie_id`) REFERENCES `movies` (`movie_id`),
  ADD CONSTRAINT `movies_topics_ibfk_2` FOREIGN KEY (`topic_id`) REFERENCES `topics` (`topic_id`);

--
-- Constraints for table `users_topics`
--
ALTER TABLE `users_topics`
  ADD CONSTRAINT `users_topics_ibfk_1` FOREIGN KEY (`user_id`) REFERENCES `users` (`user_id`),
  ADD CONSTRAINT `users_topics_ibfk_2` FOREIGN KEY (`topic_id`) REFERENCES `topics` (`topic_id`);

/*!40101 SET CHARACTER_SET_CLIENT=@OLD_CHARACTER_SET_CLIENT */;
/*!40101 SET CHARACTER_SET_RESULTS=@OLD_CHARACTER_SET_RESULTS */;
/*!40101 SET COLLATION_CONNECTION=@OLD_COLLATION_CONNECTION */;
